ya_column01,ya_e,UserName.ya_column01
阿久津 <br>綾奈,ayana8928@eezgbnxifj.zg,阿久津 綾奈0
阿久津 <br>綾奈,ayana8928@eezgbnxifj.zg,阿久津 綾奈1
阿久津 <br>綾奈,ayana8928@eezgbnxifj.zg,阿久津 綾奈2
阿久津 <br>綾奈,ayana8928@eezgbnxifj.zg,阿久津 綾奈3
阿久津 <br>綾奈,ayana8928@eezgbnxifj.zg,阿久津 綾奈4
阿久津 <br>綾奈,ayana8928@eezgbnxifj.zg,阿久津 綾奈5
阿久津 <br>綾奈,ayana8928@eezgbnxifj.zg,阿久津 綾奈6
阿久津 <br>綾奈,ayana8928@eezgbnxifj.zg,阿久津 綾奈7
阿久津 <br>綾奈,ayana8928@eezgbnxifj.zg,阿久津 綾奈8
阿久津 <br>綾奈,ayana8928@eezgbnxifj.zg,阿久津 綾奈9
阿久津 <br>綾奈,ayana8928@eezgbnxifj.zg,阿久津 綾奈10
阿久津 <br>綾奈,ayana8928@eezgbnxifj.zg,阿久津 綾奈11
阿久津 <br>綾奈,ayana8928@eezgbnxifj.zg,阿久津 綾奈12
阿久津 <br>綾奈,ayana8928@eezgbnxifj.zg,阿久津 綾奈13
阿久津 <br>綾奈,ayana8928@eezgbnxifj.zg,阿久津 綾奈14
阿久津 <br>綾奈,ayana8928@eezgbnxifj.zg,阿久津 綾奈15
阿久津 <br>綾奈,ayana8928@eezgbnxifj.zg,阿久津 綾奈16
阿久津 <br>綾奈,ayana8928@eezgbnxifj.zg,阿久津 綾奈17
阿久津 <br>綾奈,ayana8928@eezgbnxifj.zg,阿久津 綾奈19
